cumulative_return,sharpe_ratio,trade_count,total_cost,pred_return_std
2241.031417315148,1.7296254739564432,1,0.0002,0.011377719817241436
