cumulative_return,sharpe_ratio,trade_count,total_cost,pred_return_std
7.88830947452176,10.466170874783536,716,0.14610015869140625,0.0308979
