lookahead_period,mean,median,std
3,1.0071203091862908,1.0018230749350148,0.018235596517287258
5,1.023051647478218,1.010490054229743,0.0469412086158514
10,1.0770823228771975,1.03330835971625,0.1573005695775674
